"","ID","Iden","Region","Population","Block","Treatment","flowers_pollinated","fruit_count","style_length_1","style_length_2","style_length_3","stamen_length_1","stamen_length_2","stamen_length_3","ovule_number_1","ovule_number_2","ovule_number_3","fruit_mass_1","fruit_mass_2","fruit_mass_3","viable_seed_1","viable_seed_2","viable_seed_3","aborted_seed_1","aborted_seed_2","aborted_seed_3","unfertilized_ovules_1","unfertilized_ovules_2","unfertilized_ovules_3","PD_mean","PD_median","PD_sd","PD_se","PD_max","PD_min","number","no_tubes","tubes","total_grains","Pictures","Germ.Tmin","Germ.Tmax","PTGR.Tmin","PTGR.Tmax","HCMS","CCMS","HCHPL","CCHPL","HPS","CPS"
"1","CE1","CE1A","South","CE","A","Control",NA,NA,NA,NA,NA,NA,NA,NA,NA,NA,NA,NA,NA,NA,NA,NA,NA,NA,NA,NA,NA,NA,NA,NA,NA,NA,NA,NA,NA,NA,NA,NA,NA,NA,NA,NA,NA,NA,0.770932685,0.496002993,0.433761471,0.723231623,NA,0.584459459
"2","CE1","CE1B","South","CE","B","Heat",NA,NA,NA,NA,NA,NA,NA,NA,NA,NA,NA,NA,NA,NA,NA,NA,NA,NA,NA,NA,NA,NA,NA,NA,NA,NA,NA,NA,NA,NA,NA,NA,NA,NA,NA,NA,NA,NA,0.557272882,0.57951792,0.346865634,0.451491863,NA,NA
"3","CE1","CE1C","South","CE","C","Control",NA,NA,NA,NA,NA,NA,NA,NA,NA,NA,NA,NA,NA,NA,NA,NA,NA,NA,NA,NA,NA,NA,NA,NA,NA,NA,NA,NA,NA,NA,NA,NA,NA,NA,NA,NA,NA,NA,0.488924733,0.486531649,0.423709691,0.443868521,0.254098361,0.576826196
"4","CE1","CE1D","South","CE","D","Heat",NA,NA,NA,NA,NA,NA,NA,NA,NA,NA,NA,NA,NA,NA,NA,NA,NA,NA,NA,NA,NA,NA,NA,NA,NA,NA,NA,NA,NA,NA,NA,NA,NA,NA,NA,NA,NA,NA,0.838046905,0.422517512,0.308427251,0.493212784,NA,NA
"5","CE10","CE10A","South","CE","A","Heat",NA,NA,NA,NA,NA,NA,NA,NA,NA,NA,NA,NA,NA,NA,NA,NA,NA,NA,NA,NA,NA,NA,NA,NA,NA,NA,NA,NA,NA,NA,NA,NA,NA,NA,NA,NA,NA,NA,0.350544621,0.573819253,0.268066995,0.701086414,NA,0.151260504
"6","CE10","CE10B","South","CE","B","Control",NA,NA,NA,NA,NA,NA,NA,NA,NA,NA,NA,NA,NA,NA,NA,NA,NA,NA,NA,NA,NA,NA,NA,NA,NA,NA,NA,NA,NA,NA,NA,NA,NA,NA,NA,NA,NA,NA,0.63950743,0.5613146,0.488288544,0.703868392,0.644970414,0.313513514
"7","CE10","CE10C","South","CE","C","Heat",NA,NA,NA,NA,NA,NA,NA,NA,NA,NA,NA,NA,NA,NA,NA,NA,NA,NA,NA,NA,NA,NA,NA,NA,NA,NA,NA,NA,NA,NA,NA,NA,NA,NA,NA,NA,NA,NA,0.757624207,0.685438763,0.444742833,0.538235477,NA,0.411140584
"8","CE10","CE10D","South","CE","D","Control",NA,NA,NA,NA,NA,NA,NA,NA,NA,NA,NA,NA,NA,NA,NA,NA,NA,NA,NA,NA,NA,NA,NA,NA,NA,NA,NA,NA,NA,NA,NA,NA,NA,NA,NA,NA,NA,NA,0.81299415,0.574472735,0.478734048,0.366031,0.974509804,0.283870968
"9","CE11","CE11A","South","CE","A","Heat",NA,NA,NA,NA,NA,NA,NA,NA,NA,NA,NA,NA,NA,NA,NA,NA,NA,NA,NA,NA,NA,NA,NA,NA,NA,NA,NA,NA,NA,NA,NA,NA,NA,NA,NA,NA,NA,NA,0.7234985,0.562864326,0.359571702,0.537365226,0.872727273,0.562048193
"10","CE11","CE11B","South","CE","B","Control",NA,NA,NA,NA,NA,NA,NA,NA,NA,NA,NA,NA,NA,NA,NA,NA,NA,NA,NA,NA,NA,NA,NA,NA,NA,NA,NA,NA,NA,NA,NA,NA,NA,NA,NA,NA,NA,NA,0.50636175,0.479185512,0.244532803,0.540322581,NA,NA
"11","CE11","CE11C","South","CE","C","Heat",NA,NA,NA,NA,NA,NA,NA,NA,NA,NA,NA,NA,NA,NA,NA,NA,NA,NA,NA,NA,NA,NA,NA,NA,NA,NA,NA,NA,NA,NA,NA,NA,NA,NA,NA,NA,NA,NA,0.883889477,0.500339934,0.361132322,0.3531004,NA,NA
"12","CE11","CE11D","South","CE","D","Control",NA,NA,NA,NA,NA,NA,NA,NA,NA,NA,NA,NA,NA,NA,NA,NA,NA,NA,NA,NA,NA,NA,NA,NA,NA,NA,NA,NA,NA,NA,NA,NA,NA,NA,NA,NA,NA,NA,0.772935096,0.462170843,0.803041688,0.471626709,NA,0.674876847
"13","CE2","CE2A","South","CE","A","Control",NA,NA,NA,NA,NA,NA,NA,NA,NA,NA,NA,NA,NA,NA,NA,NA,NA,NA,NA,NA,NA,NA,NA,NA,NA,NA,NA,NA,NA,NA,NA,NA,NA,NA,NA,NA,NA,NA,0.661025692,0.528419542,0.370139295,0.734915239,NA,NA
"14","CE2","CE2B","South","CE","B","Heat",NA,NA,NA,NA,NA,NA,NA,NA,NA,NA,NA,NA,NA,NA,NA,NA,NA,NA,NA,NA,NA,NA,NA,NA,NA,NA,NA,NA,NA,NA,NA,NA,NA,NA,NA,NA,NA,NA,0.517489637,0.494066842,0.342265105,0.488427021,0.455882353,0.6996997
"15","CE2","CE2C","South","CE","C","Control",NA,NA,NA,NA,NA,NA,NA,NA,NA,NA,NA,NA,NA,NA,NA,NA,NA,NA,NA,NA,NA,NA,NA,NA,NA,NA,NA,NA,NA,NA,NA,NA,NA,NA,NA,NA,NA,NA,0.753618451,0.547699335,0.340774487,0.587568147,0.843621399,0.772378517
"16","CE2","CE2D","South","CE","D","Heat",NA,NA,NA,NA,NA,NA,NA,NA,NA,NA,NA,NA,NA,NA,NA,NA,NA,NA,NA,NA,NA,NA,NA,NA,NA,NA,NA,NA,NA,NA,NA,NA,NA,NA,NA,NA,NA,NA,0.774005638,0.494235803,0.70957197,0.48145001,0.965714286,0.672661871
"17","CE3","CE3A","South","CE","A","Heat",NA,NA,NA,NA,NA,NA,NA,NA,NA,NA,NA,NA,NA,NA,NA,NA,NA,NA,NA,NA,NA,NA,NA,NA,NA,NA,NA,NA,NA,NA,NA,NA,NA,NA,NA,NA,NA,NA,0.649916237,0.478544339,0.540172725,0.786003861,0.576704545,0.843853821
"18","CE3","CE3B","South","CE","B","Control",NA,NA,NA,NA,NA,NA,NA,NA,NA,NA,NA,NA,NA,NA,NA,NA,NA,NA,NA,NA,NA,NA,NA,NA,NA,NA,NA,NA,NA,NA,NA,NA,NA,NA,NA,NA,NA,NA,0.910195973,0.612544197,0.300105743,0.516704962,0.816949153,0.465454545
"19","CE3","CE3C","South","CE","C","Heat",NA,NA,NA,NA,NA,NA,NA,NA,NA,NA,NA,NA,NA,NA,NA,NA,NA,NA,NA,NA,NA,NA,NA,NA,NA,NA,NA,NA,NA,NA,NA,NA,NA,NA,NA,NA,NA,NA,0.846476278,0.461512641,0.412726912,0.630372337,NA,0.829099307
"20","CE3","CE3D","South","CE","D","Control",NA,NA,NA,NA,NA,NA,NA,NA,NA,NA,NA,NA,NA,NA,NA,NA,NA,NA,NA,NA,NA,NA,NA,NA,NA,NA,NA,NA,NA,NA,NA,NA,NA,NA,NA,NA,NA,NA,0.751443579,0.663381068,0.460511127,0.415624703,0.895981087,0.23852459
"21","CE4","CE4A","South","CE","A","Heat",NA,NA,NA,NA,NA,NA,NA,NA,NA,NA,NA,NA,NA,NA,NA,NA,NA,NA,NA,NA,NA,NA,NA,NA,NA,NA,NA,NA,NA,NA,NA,NA,NA,NA,NA,NA,NA,NA,0.550821163,0.627602365,0.300649533,0.562155532,0.917030568,0.587537092
"22","CE4","CE4B","South","CE","B","Control",NA,NA,NA,NA,NA,NA,NA,NA,NA,NA,NA,NA,NA,NA,NA,NA,NA,NA,NA,NA,NA,NA,NA,NA,NA,NA,NA,NA,NA,NA,NA,NA,NA,NA,NA,NA,NA,NA,0.754643777,0.538622953,0.408508331,0.666096706,0.780160858,0.337885463
"23","CE4","CE4C","South","CE","C","Heat",NA,NA,NA,NA,NA,NA,NA,NA,NA,NA,NA,NA,NA,NA,NA,NA,NA,NA,NA,NA,NA,NA,NA,NA,NA,NA,NA,NA,NA,NA,NA,NA,NA,NA,NA,NA,NA,NA,0.787380358,0.501104351,0.413728382,0.46437908,NA,0.928125
"24","CE4","CE4D","South","CE","D","Control",NA,NA,NA,NA,NA,NA,NA,NA,NA,NA,NA,NA,NA,NA,NA,NA,NA,NA,NA,NA,NA,NA,NA,NA,NA,NA,NA,NA,NA,NA,NA,NA,NA,NA,NA,NA,NA,NA,NA,NA,NA,NA,NA,NA
"25","CE5","CE5A","South","CE","A","Control",NA,NA,NA,NA,NA,NA,NA,NA,NA,NA,NA,NA,NA,NA,NA,NA,NA,NA,NA,NA,NA,NA,NA,NA,NA,NA,NA,NA,NA,NA,NA,NA,NA,NA,NA,NA,NA,NA,0.661953518,0.558356888,0.551947926,0.586628034,NA,NA
"26","CE5","CE5B","South","CE","B","Heat",NA,NA,NA,NA,NA,NA,NA,NA,NA,NA,NA,NA,NA,NA,NA,NA,NA,NA,NA,NA,NA,NA,NA,NA,NA,NA,NA,NA,NA,NA,NA,NA,NA,NA,NA,NA,NA,NA,0.845091986,0.526889175,0.380533538,0.642478674,0.911214953,0.954773869
"27","CE5","CE5C","South","CE","C","Control",NA,NA,NA,NA,NA,NA,NA,NA,NA,NA,NA,NA,NA,NA,NA,NA,NA,NA,NA,NA,NA,NA,NA,NA,NA,NA,NA,NA,NA,NA,NA,NA,NA,NA,NA,NA,NA,NA,NA,NA,NA,NA,NA,NA
"28","CE5","CE5D","South","CE","D","Heat",NA,NA,NA,NA,NA,NA,NA,NA,NA,NA,NA,NA,NA,NA,NA,NA,NA,NA,NA,NA,NA,NA,NA,NA,NA,NA,NA,NA,NA,NA,NA,NA,NA,NA,NA,NA,NA,NA,0.52669104,0.550547479,0.526170799,0.459664728,NA,NA
"29","CE6","CE6A","South","CE","A","Control",NA,NA,NA,NA,NA,NA,NA,NA,NA,NA,NA,NA,NA,NA,NA,NA,NA,NA,NA,NA,NA,NA,NA,NA,NA,NA,NA,NA,NA,NA,NA,NA,NA,NA,NA,NA,NA,NA,0.685411211,0.492798241,0.759933775,0.507493089,NA,NA
"30","CE6","CE6B","South","CE","B","Heat",NA,NA,NA,NA,NA,NA,NA,NA,NA,NA,NA,NA,NA,NA,NA,NA,NA,NA,NA,NA,NA,NA,NA,NA,NA,NA,NA,NA,NA,NA,NA,NA,NA,NA,NA,NA,NA,NA,0.802087506,0.535245915,0.370754366,0.555944056,NA,NA
"31","CE6","CE6C","South","CE","C","Control",NA,NA,NA,NA,NA,NA,NA,NA,NA,NA,NA,NA,NA,NA,NA,NA,NA,NA,NA,NA,NA,NA,NA,NA,NA,NA,NA,NA,NA,NA,NA,NA,NA,NA,NA,NA,NA,NA,0.695683231,0.532603236,0.35618128,0.499462366,0.724550898,0.693227092
"32","CE6","CE6D","South","CE","D","Heat",NA,NA,NA,NA,NA,NA,NA,NA,NA,NA,NA,NA,NA,NA,NA,NA,NA,NA,NA,NA,NA,NA,NA,NA,NA,NA,NA,NA,NA,NA,NA,NA,NA,NA,NA,NA,NA,NA,0.812705277,0.49703232,0.373604662,0.531028304,0.509881423,0.942857143
"33","CE7a","CE7aA","South","CE","A","Control",NA,NA,NA,NA,NA,NA,NA,NA,NA,NA,NA,NA,NA,NA,NA,NA,NA,NA,NA,NA,NA,NA,NA,NA,NA,NA,NA,NA,NA,NA,NA,NA,NA,NA,NA,NA,NA,NA,0.913897179,0.532425539,0.398371281,0.658928571,NA,NA
"34","CE7a","CE7aB","South","CE","B","Heat",NA,NA,NA,NA,NA,NA,NA,NA,NA,NA,NA,NA,NA,NA,NA,NA,NA,NA,NA,NA,NA,NA,NA,NA,NA,NA,NA,NA,NA,NA,NA,NA,NA,NA,NA,NA,NA,NA,NA,NA,NA,NA,NA,NA
"35","CE7a","CE7aC","South","CE","C","Control",NA,NA,NA,NA,NA,NA,NA,NA,NA,NA,NA,NA,NA,NA,NA,NA,NA,NA,NA,NA,NA,NA,NA,NA,NA,NA,NA,NA,NA,NA,NA,NA,NA,NA,NA,NA,NA,NA,0.696719119,0.523807591,0.435191117,0.606709449,0.230894309,0.302949062
"36","CE7a","CE7aD","South","CE","D","Heat",NA,NA,NA,NA,NA,NA,NA,NA,NA,NA,NA,NA,NA,NA,NA,NA,NA,NA,NA,NA,NA,NA,NA,NA,NA,NA,NA,NA,NA,NA,NA,NA,NA,NA,NA,NA,NA,NA,0.79188193,0.600343673,0.372772537,0.153132593,0.604095563,0.544303797
"37","CE7b","CE7bA","South","CE","A","Control",NA,NA,NA,NA,NA,NA,NA,NA,NA,NA,NA,NA,NA,NA,NA,NA,NA,NA,NA,NA,NA,NA,NA,NA,NA,NA,NA,NA,NA,NA,NA,NA,NA,NA,NA,NA,NA,NA,0.678631733,0.515528252,0.388065099,0.781690652,NA,NA
"38","CE7b","CE7bB","South","CE","B","Heat",NA,NA,NA,NA,NA,NA,NA,NA,NA,NA,NA,NA,NA,NA,NA,NA,NA,NA,NA,NA,NA,NA,NA,NA,NA,NA,NA,NA,NA,NA,NA,NA,NA,NA,NA,NA,NA,NA,0.868936948,0.467003947,0.496028703,0.42832484,0.843195266,0.940860215
"39","CE7b","CE7bC","South","CE","C","Control",NA,NA,NA,NA,NA,NA,NA,NA,NA,NA,NA,NA,NA,NA,NA,NA,NA,NA,NA,NA,NA,NA,NA,NA,NA,NA,NA,NA,NA,NA,NA,NA,NA,NA,NA,NA,NA,NA,0.818296872,0.558662099,0.297434614,0.605404755,0.963157895,0.954268293
"40","CE7b","CE7bD","South","CE","D","Heat",NA,NA,NA,NA,NA,NA,NA,NA,NA,NA,NA,NA,NA,NA,NA,NA,NA,NA,NA,NA,NA,NA,NA,NA,NA,NA,NA,NA,NA,NA,NA,NA,NA,NA,NA,NA,NA,NA,0.773961932,0.574934894,0.445961087,0.645123707,0.896341463,0.545454545
"41","CE8","CE8A","South","CE","A","Control",NA,NA,NA,NA,NA,NA,NA,NA,NA,NA,NA,NA,NA,NA,NA,NA,NA,NA,NA,NA,NA,NA,NA,NA,NA,NA,NA,NA,NA,NA,NA,NA,NA,NA,NA,NA,NA,NA,0.623864571,0.447495091,0.521676243,0.654191743,0.357142857,0.068794326
"42","CE8","CE8B","South","CE","B","Heat",NA,NA,NA,NA,NA,NA,NA,NA,NA,NA,NA,NA,NA,NA,NA,NA,NA,NA,NA,NA,NA,NA,NA,NA,NA,NA,NA,NA,NA,NA,NA,NA,NA,NA,NA,NA,NA,NA,0.782093561,0.60313742,0.4188365,0.489669421,0.497607656,0.701067616
"43","CE8","CE8C","South","CE","C","Control",NA,NA,NA,NA,NA,NA,NA,NA,NA,NA,NA,NA,NA,NA,NA,NA,NA,NA,NA,NA,NA,NA,NA,NA,NA,NA,NA,NA,NA,NA,NA,NA,NA,NA,NA,NA,NA,NA,0.708704943,0.495696433,0.310112662,0.479245283,0.718954248,0.317647059
"44","CE8","CE8D","South","CE","D","Heat",NA,NA,NA,NA,NA,NA,NA,NA,NA,NA,NA,NA,NA,NA,NA,NA,NA,NA,NA,NA,NA,NA,NA,NA,NA,NA,NA,NA,NA,NA,NA,NA,NA,NA,NA,NA,NA,NA,0.830049348,0.510199083,0.41933585,0.580438782,0.293675889,0.791855204
"45","CE9","CE9A","South","CE","A","Control",NA,NA,NA,NA,NA,NA,NA,NA,NA,NA,NA,NA,NA,NA,NA,NA,NA,NA,NA,NA,NA,NA,NA,NA,NA,NA,NA,NA,NA,NA,NA,NA,NA,NA,NA,NA,NA,NA,0.619234644,0.477683624,0.563055188,0.702681341,0.453674121,0.246126761
"46","CE9","CE9B","South","CE","B","Heat",NA,NA,NA,NA,NA,NA,NA,NA,NA,NA,NA,NA,NA,NA,NA,NA,NA,NA,NA,NA,NA,NA,NA,NA,NA,NA,NA,NA,NA,NA,NA,NA,NA,NA,NA,NA,NA,NA,0.844154508,0.470860442,0.381687388,0.540566579,0.81509434,0.699530516
"47","CE9","CE9C","South","CE","C","Control",NA,NA,NA,NA,NA,NA,NA,NA,NA,NA,NA,NA,NA,NA,NA,NA,NA,NA,NA,NA,NA,NA,NA,NA,NA,NA,NA,NA,NA,NA,NA,NA,NA,NA,NA,NA,NA,NA,0.828103153,0.534801094,0.44875732,0.576331022,NA,0.875912409
"48","CE9","CE9D","South","CE","D","Heat",NA,NA,NA,NA,NA,NA,NA,NA,NA,NA,NA,NA,NA,NA,NA,NA,NA,NA,NA,NA,NA,NA,NA,NA,NA,NA,NA,NA,NA,NA,NA,NA,NA,NA,NA,NA,NA,NA,0.728243463,0.5708272,0.506003208,0.416485835,NA,NA
"49","FR1","FR1A","North","FR","A","Control",3,3,13.3,11.3,12.8,7.1,7.2,7,28,91,104,NA,NA,NA,123,123,114,0,0,3,0,0,3,2.142434116,2.145644968,0.111907877,0.010435463,2.465842276,1.750520641,1,47,111,158,1,NA,NA,NA,NA,0.905575592,0.504587236,0.375,0.723274413,0.422382671,0.545454545
"50","FR1","FR1B","North","FR","B","Heat",3,3,11.1,12.7,10,5.3,6,4.2,105,101,77,NA,NA,NA,0,5,30,0,0,3,59,30,9,2.131573476,2.163853921,0.213441745,0.018169368,2.520212891,1.234010929,1,54,161,215,3,NA,NA,NA,NA,0.81483928,0.546717758,0.282760753,0.743994287,NA,NA
"51","FR1","FR1C","North","FR","C","Control",NA,NA,11.6,11.4,NA,7,7.2,NA,117,111,NA,NA,NA,NA,NA,NA,NA,NA,NA,NA,NA,NA,NA,2.253144445,2.246183745,0.124952009,0.011221022,2.538434137,1.916729335,1,149,183,332,1,NA,NA,NA,NA,0.579220257,0.421900209,0.342787256,0.600970982,0.825301205,0.13256785
"52","FR1","FR1D","North","FR","D","Heat",NA,NA,NA,NA,NA,NA,NA,NA,NA,NA,NA,NA,NA,NA,NA,NA,NA,NA,NA,NA,NA,NA,NA,NA,NA,NA,NA,NA,NA,NA,NA,NA,NA,NA,NA,NA,NA,NA,NA,NA,NA,NA,NA,NA
"53","FR10","FR10A","North","FR","A","Heat",3,3,10.4,11.9,11.6,6,6.1,6.4,82,118,129,NA,NA,NA,82,79,85,0,3,2,9,3,2,1.825307404,1.853840636,0.176660934,0.01592898,2.293770484,1.334694707,10,46,130,176,1,9.454,50.866,9.988,41.56,0.568794917,0.524511834,0.286419597,0.54678308,NA,NA
"54","FR10","FR10B","North","FR","B","Control",NA,NA,NA,NA,NA,NA,NA,NA,NA,NA,NA,NA,NA,NA,NA,NA,NA,NA,NA,NA,NA,NA,NA,NA,NA,NA,NA,NA,NA,NA,NA,NA,NA,NA,NA,NA,NA,NA,0.643413914,0.513999635,0.187217834,0.645937777,0.686725664,0.631278539
"55","FR10","FR10C","North","FR","C","Heat",NA,NA,10.6,10.9,11.4,6.1,6.8,6,132,154,99,NA,NA,NA,NA,NA,NA,NA,NA,NA,NA,NA,NA,2.035011303,2.056565086,0.142615295,0.013018936,2.345808437,1.669361851,10,196,537,733,1,8.705,54.239,9.939,41.428,0.867930027,0.460391376,0.393907563,0.606620163,0.959276018,0.784313725
"56","FR10","FR10D","North","FR","D","Control",NA,NA,NA,NA,NA,NA,NA,NA,NA,NA,NA,NA,NA,NA,NA,NA,NA,NA,NA,NA,NA,NA,NA,NA,NA,NA,NA,NA,NA,NA,NA,NA,NA,NA,NA,NA,NA,NA,0.829313734,0.446630978,0.581480812,0.579882678,NA,NA
"57","FR11","FR11A","North","FR","A","Heat",NA,NA,NA,NA,NA,NA,NA,NA,NA,NA,NA,NA,NA,NA,NA,NA,NA,NA,NA,NA,NA,NA,NA,NA,NA,NA,NA,NA,NA,11,45,56,101,1,NA,NA,NA,NA,0.225174528,0.467638091,0.579278142,0.61212713,0.808888889,0.697857143
"58","FR11","FR11B","North","FR","B","Control",3,3,11,11.5,11.8,6.1,6.6,7,112,110,137,NA,NA,NA,56,15,20,2,0,0,0,4,28,2.092396462,2.128076608,0.209730263,0.018834334,2.411075414,1.412559154,11,55,273,328,1,NA,NA,NA,NA,0.763022812,0.543857579,0.52416878,0.703934513,0.928571429,0.523529412
"59","FR11","FR11C","North","FR","C","Heat",NA,NA,9.8,10,10,6.1,6,6.1,142,187,170,NA,NA,NA,NA,NA,NA,NA,NA,NA,NA,NA,NA,1.866786776,1.827780387,0.255386801,0.020003438,2.528368406,0.792143674,11,26,76,102,1,10.008,41.629,10.47,42.325,0.640742173,0.456766831,0.298102036,0.782849571,0.482183908,0.723214286
"60","FR11","FR11D","North","FR","D","Control",NA,NA,12.3,12.2,12,8,7.5,7.1,146,147,138,NA,NA,NA,NA,NA,NA,NA,NA,NA,NA,NA,NA,2.385748673,2.394783528,0.150040705,0.011936598,2.783636807,1.833660955,11,181,386,567,1,NA,NA,NA,NA,0.559279056,0.77809167,0.429118774,0.788519867,0.368421053,0.413385827
"61","FR12","FR12A","North","FR","A","Control",3,3,9.1,11,9.2,6.6,5.2,5.8,104,106,116,NA,NA,NA,8,30,49,0,1,2,72,46,25,2.301777199,2.300747849,0.127109177,0.011652079,2.519270004,1.895391088,12,85,299,384,1,8.442,48.521,9.896,42.639,0.671459487,0.494859172,0.315730337,0.700138819,0.491646778,0.892601432
"62","FR12","FR12B","North","FR","B","Heat",NA,NA,NA,NA,NA,NA,NA,NA,NA,NA,NA,NA,NA,NA,NA,NA,NA,NA,NA,NA,NA,NA,NA,NA,NA,NA,NA,NA,NA,NA,NA,NA,NA,NA,NA,NA,NA,NA,NA,NA,NA,NA,NA,NA
"63","FR12","FR12C","North","FR","C","Control",NA,NA,11.3,11.2,NA,8,7.9,NA,173,158,NA,NA,NA,NA,NA,NA,NA,NA,NA,NA,NA,NA,NA,2.450698066,2.458343338,0.101001781,0.009904039,2.669464262,2.123530188,12,121,307,428,1,NA,NA,NA,NA,0.729333898,0.445212777,0.528795504,0.722904508,NA,NA
"64","FR12","FR12D","North","FR","D","Heat",NA,NA,NA,NA,NA,NA,NA,NA,NA,NA,NA,NA,NA,NA,NA,NA,NA,NA,NA,NA,NA,NA,NA,NA,NA,NA,NA,NA,NA,NA,NA,NA,NA,NA,NA,NA,NA,NA,0.654880868,0.754033946,0.536214741,0.754168062,0.64137931,0.494535519
"65","FR2","FR2A","North","FR","A","Heat",3,3,11.9,10.6,12,5.2,5,5.9,72,96,118,NA,NA,NA,55,35,55,4,0,0,4,9,0,1.921819997,1.926875667,0.317574637,0.025843857,2.673153758,0.976900208,2,47,106,153,2,1.182,51.242,9.372,41.503,0.790364557,0.545622539,0.326666667,0.727596049,NA,0.685106383
"66","FR2","FR2B","North","FR","B","Control",NA,NA,NA,NA,NA,NA,NA,NA,NA,NA,NA,NA,NA,NA,NA,NA,NA,NA,NA,NA,NA,NA,NA,NA,NA,NA,NA,NA,NA,NA,NA,NA,NA,NA,NA,NA,NA,NA,0.869979086,0.523871269,0.463389702,0.957761232,NA,0.77245509
"67","FR2","FR2C","North","FR","C","Heat",NA,NA,NA,NA,NA,NA,NA,NA,NA,NA,NA,NA,NA,NA,NA,NA,NA,NA,NA,NA,NA,NA,NA,NA,NA,NA,NA,NA,NA,NA,NA,NA,NA,NA,NA,NA,NA,NA,0.850026589,0.469259558,0.83124255,0.71508478,0.788135593,0.657657658
"68","FR2","FR2D","North","FR","D","Control",NA,NA,12.5,12.8,13,7.2,7.5,7.2,147,148,124,NA,NA,NA,NA,NA,NA,NA,NA,NA,NA,NA,NA,2.3397261,2.355247655,0.09593382,0.008721256,2.571660884,2.042078483,2,111,399,510,1,NA,NA,NA,NA,0.869122074,0.490877912,0.637691571,0.766631806,0.60952381,0.242857143
"69","FR6","FR6A","North","FR","A","Control",NA,NA,NA,NA,NA,NA,NA,NA,NA,NA,NA,NA,NA,NA,NA,NA,NA,NA,NA,NA,NA,NA,NA,NA,NA,NA,NA,NA,NA,NA,NA,NA,NA,NA,NA,NA,NA,NA,0.62335598,0.544635752,0.46241829,0.710144928,NA,0.662222222
"70","FR6","FR6B","North","FR","B","Heat",NA,NA,NA,NA,NA,NA,NA,NA,NA,NA,NA,NA,NA,NA,NA,NA,NA,NA,NA,NA,NA,NA,NA,NA,NA,NA,NA,NA,NA,NA,NA,NA,NA,NA,NA,NA,NA,NA,0.779289394,0.620542565,0.354379109,0.771341089,0.405405405,0.708571429
"71","FR6","FR6C","North","FR","C","Control",NA,NA,12.1,12,12.1,8,6.5,6.7,103,125,101,NA,NA,NA,NA,NA,NA,NA,NA,NA,NA,NA,NA,2.197578374,2.199726365,0.126819343,0.012556986,2.507184874,1.869051526,6,18,82,100,1,NA,NA,NA,NA,0.892920533,0.485240847,0.519655525,0.906586271,NA,0.658415842
"72","FR6","FR6D","North","FR","D","Heat",NA,NA,NA,NA,NA,NA,NA,NA,NA,NA,NA,NA,NA,NA,NA,NA,NA,NA,NA,NA,NA,NA,NA,NA,NA,NA,NA,NA,NA,NA,NA,NA,NA,NA,NA,NA,NA,NA,NA,NA,NA,NA,NA,NA
"73","FR8","FR8A","North","FR","A","Heat",NA,NA,NA,NA,NA,NA,NA,NA,NA,NA,NA,NA,NA,NA,NA,NA,NA,NA,NA,NA,NA,NA,NA,NA,NA,NA,NA,NA,NA,NA,NA,NA,NA,NA,6.788,46.134,9.614,41.653,0.560827146,0.479571406,0.498659589,0.552776376,NA,0.713333333
"74","FR8","FR8B","North","FR","B","Control",NA,NA,NA,NA,NA,NA,NA,NA,NA,NA,NA,NA,NA,NA,NA,NA,NA,NA,NA,NA,NA,NA,NA,NA,NA,NA,NA,NA,NA,NA,NA,NA,NA,NA,NA,NA,NA,NA,0.417722018,0.469237635,0.328644162,0.728932297,0.831501832,0.340506329
"75","FR8","FR8C","North","FR","C","Heat",NA,NA,NA,NA,NA,NA,NA,NA,NA,NA,NA,NA,NA,NA,NA,NA,NA,NA,NA,NA,NA,NA,NA,NA,NA,NA,NA,NA,NA,NA,NA,NA,NA,NA,NA,NA,NA,NA,NA,NA,NA,NA,NA,NA
"76","FR8","FR8D","North","FR","D","Control",NA,NA,11.9,11.5,NA,7,7.9,NA,182,165,NA,NA,NA,NA,NA,NA,NA,NA,NA,NA,NA,NA,NA,2.317904343,2.333188714,0.117649635,0.01137362,2.547603139,1.75525577,8,251,423,674,1,NA,NA,NA,NA,0.507768369,0.494736341,0.310766601,0.759413528,NA,0.780701754
"77","OP1","OP1A","South","OP","A","Control",3,2,11.6,11.4,11.5,7.2,7.2,7.8,62,77,102,NA,NA,NA,21,108,NA,1,0,NA,8,38,NA,2.096914551,2.132566938,0.193190406,0.017490638,2.362748167,1.168322619,1,35,175,210,1,8.926,43.376,10.13,41.867,0.849403782,0.664627715,0.345257339,0.800001816,NA,0.670588235
"78","OP1","OP1B","South","OP","B","Heat",3,NA,NA,NA,NA,NA,NA,NA,NA,NA,NA,NA,NA,NA,NA,NA,NA,NA,NA,NA,NA,NA,NA,NA,NA,NA,NA,NA,NA,NA,NA,NA,NA,NA,9.482,41.502,9.669,42.314,0.874445237,0.513981835,0.458317746,0.663468893,NA,NA
"79","OP1","OP1C","South","OP","C","Control",NA,NA,11.6,12,12.1,7.1,7.2,7.8,90,88,66,1.766,1.592,1.886,78,63,78,3,0,2,4,5,3,2.179465136,2.228058968,0.221508377,0.018395269,2.622685852,1.462659831,1,14,121,135,1,9.465,51.266,9.836,41.508,0.666397653,0.527829383,0.378844238,0.75483871,NA,0.506493506
"80","OP1","OP1D","South","OP","D","Heat",NA,NA,9.3,11.3,9.8,6.8,6.9,6.1,109,116,110,NA,NA,NA,NA,NA,NA,NA,NA,NA,NA,NA,NA,1.776554791,1.801096186,0.215076979,0.018442699,2.338891756,0.853451775,1,36,142,178,2,NA,NA,NA,NA,0.838740052,0.433638645,0.421654226,0.662221428,0.815868263,0.566820276
"81","OP2","OP2A","South","OP","A","Control",3,3,14,13.5,NA,7.4,7.8,7.4,137,121,NA,NA,NA,NA,68,57,69,0,2,1,9,3,5,2.162855187,2.218630121,0.215577906,0.018553992,2.587385519,1.486580248,2,95,98,193,1,9.493,48.339,9.921,41.034,0.287429049,0.536047312,0.337844818,0.571534693,NA,0.641975309
"82","OP2","OP2B","South","OP","B","Heat",NA,NA,NA,NA,NA,NA,NA,NA,NA,NA,NA,NA,NA,NA,NA,NA,NA,NA,NA,NA,NA,NA,NA,NA,NA,NA,NA,NA,NA,2,69,47,116,1,9.259,40.698,9.765,41.066,0.719497815,0.476893959,0.471335825,0.78119349,NA,NA
"83","OP2","OP2C","South","OP","C","Control",NA,NA,14.1,14,12.8,7.1,7.8,7.2,113,113,137,NA,NA,NA,NA,NA,NA,NA,NA,NA,NA,NA,NA,2.052112825,2.13859805,0.332373644,0.031129644,2.824472151,1.099153153,2,34,77,111,1,9.434,43.569,10.427,41.693,0.796336381,0.493730633,0.358047016,0.545548857,NA,NA
"84","OP2","OP2D","South","OP","D","Heat",NA,NA,NA,NA,NA,NA,NA,NA,NA,NA,NA,NA,NA,NA,NA,NA,NA,NA,NA,NA,NA,NA,NA,NA,NA,NA,NA,NA,NA,NA,NA,NA,NA,NA,NA,NA,NA,NA,0.726569444,0.443510804,0.53063401,0.768949896,0.762331839,0.50960452
"85","OP3","OP3A","South","OP","A","Heat",NA,NA,NA,NA,NA,NA,NA,NA,NA,NA,NA,NA,NA,NA,NA,NA,NA,NA,NA,NA,NA,NA,NA,NA,NA,NA,NA,NA,NA,3,47,59,106,2,8.242,52.964,9.896,41.949,0.297615351,0.630350892,0.435984848,0.71523321,0.292569659,0.60371517
"86","OP3","OP3B","South","OP","B","Control",NA,NA,13.1,13,12.5,7.5,7.6,7.4,76,86,73,1.397,1.319,1.307,58,53,54,0,0,0,8,6,3,2.092380384,2.097895471,0.16440351,0.015070845,2.471081745,1.554419302,3,63,113,176,1,8.438,44.563,9.227,40.904,0.421768938,0.489536391,0.578853586,0.628884826,NA,0.628205128
"87","OP3","OP3C","South","OP","C","Heat",NA,NA,NA,NA,NA,NA,NA,NA,NA,NA,NA,NA,NA,NA,NA,NA,NA,NA,NA,NA,NA,NA,NA,NA,NA,NA,NA,NA,NA,NA,NA,NA,NA,NA,8.068,56.242,10.115,41.745,0.689387673,0.557351486,0.39090253,0.660377844,NA,NA
"88","OP3","OP3D","South","OP","D","Control",NA,NA,12,NA,NA,7,NA,NA,122,NA,NA,NA,NA,NA,NA,NA,NA,NA,NA,NA,NA,NA,NA,2.296039748,2.358265077,0.222595376,0.022259538,2.637765136,1.478099818,3,483,381,864,1,9.775,43.187,9.823,41.12,0.830828445,0.432511595,0.555982322,0.726213592,NA,NA
"89","OP4","OP4A","South","OP","A","Heat",3,3,15,14.2,13.7,8.9,8.5,8.3,114,101,117,NA,NA,NA,61,62,63,1,2,0,17,19,12,2.026893563,2.095583921,0.327346014,0.031211218,2.789080967,1.24150149,4,65,91,156,1,7.739,55.372,9.856,42.993,0.769899778,0.582638102,0.430021158,0.519188393,NA,0.525679758
"90","OP4","OP4B","South","OP","B","Control",3,3,13.6,13.9,13.1,8.1,8.5,7.9,64,88,88,NA,NA,NA,50,52,60,3,4,4,3,6,1,2.25656689,2.257743977,0.178417102,0.017931593,2.813406985,1.636211177,4,31,229,260,1,8.723,54.044,10.284,43.666,0.435281854,0.512609708,0.359277511,0.613812468,NA,0.370833333
"91","OP4","OP4C","South","OP","C","Heat",NA,NA,14.1,12.4,12.9,7.7,7.8,7.7,104,114,106,1.305,1.401,1.382,62,76,71,2,1,1,21,22,19,1.869207244,1.83661329,0.211154004,0.020413028,2.64907253,1.532888634,4,33,104,137,2,6.942,50.835,9.92,41.583,0.382167078,0.658694357,0.37825337,0.661037696,0.022348485,0.463878327
"92","OP4","OP4D","South","OP","D","Control",NA,NA,10.9,12,12.3,7.8,7.8,7.7,70,80,73,NA,NA,NA,NA,NA,NA,NA,NA,NA,NA,NA,NA,2.18712523,2.2293085,0.180778066,0.016041459,2.511694123,1.552848702,4,92,127,219,1,8.394,53.22,10.21,41.983,0.483423409,0.468885,0.390087806,0.656008656,NA,0.265079365
"93","OP5","OP5A","South","OP","A","Control",3,3,13,13,13.5,7.8,7.4,8,127,113,91,NA,NA,NA,77,61,72,0,0,0,0,0,0,2.166401114,2.280421038,0.28891851,0.028607195,2.588937216,1.39007241,NA,NA,NA,NA,NA,9.161,45.53,9.755,41.183,0.765742598,0.616953981,0.160056231,0.68495068,0.478632479,0.60251046
"94","OP5","OP5B","South","OP","B","Heat",NA,NA,10,10.4,12,6.9,7,5.9,111,147,88,0.75,0.784,0.869,17,18,21,0,0,0,23,34,19,1.783760841,1.792031615,0.195380215,0.019158606,2.253244955,0.976105504,NA,NA,NA,NA,NA,NA,NA,NA,NA,0.436442664,0.603199473,0.446366475,0.595015468,0.47257384,0.916083916
"95","OP5","OP5C","South","OP","C","Control",NA,NA,12.8,12.9,13.5,7,7.1,7.2,78,94,78,NA,NA,NA,NA,NA,NA,NA,NA,NA,NA,NA,NA,2.081531458,2.044168562,0.22745212,0.022745212,2.502591754,1.546758902,5,190,321,511,1,8.391,42.514,9.649,41.568,0.67988321,0.551007511,0.364949817,0.628209777,NA,0.162138728
"96","OP5","OP5D","South","OP","D","Heat",NA,NA,NA,NA,NA,NA,NA,NA,NA,NA,NA,NA,NA,NA,NA,NA,NA,NA,NA,NA,NA,NA,NA,NA,NA,NA,NA,NA,NA,NA,NA,NA,NA,NA,9.147,46.499,10.074,41.244,0.585569851,0.498713227,0.370748171,0.716787378,0.353676471,0.531707317
"97","OP6","OP6A","South","OP","A","Heat",NA,NA,NA,NA,NA,NA,NA,NA,NA,NA,NA,NA,NA,NA,NA,NA,NA,NA,NA,NA,NA,NA,NA,NA,NA,NA,NA,NA,NA,NA,NA,NA,NA,NA,9.261,41.687,10.271,41.664,0.377602683,0.550940752,0.300971251,0.626967293,NA,0.409302326
"98","OP6","OP6B","South","OP","B","Control",3,3,12.3,12.8,11,6.7,7,7.7,79,88,77,NA,NA,NA,46,27,42,0,0,0,10,29,2,2.124296665,2.202429964,0.241013527,0.020666739,2.583522035,1.415565731,6,100,177,277,1,8.751,45.591,9.982,40.934,0.620238991,0.490473998,0.332006526,0.641137124,NA,NA
"99","OP6","OP6C","South","OP","C","Heat",NA,NA,NA,NA,NA,NA,NA,NA,NA,NA,NA,NA,NA,NA,NA,NA,NA,NA,NA,NA,NA,NA,NA,NA,NA,NA,NA,NA,NA,NA,NA,NA,NA,NA,8.199,49.074,10.025,41.358,0.401906661,0.444003479,0.377692209,0.725755559,0.769662921,0.895104895
"100","OP6","OP6D","South","OP","D","Control",NA,NA,NA,NA,NA,NA,NA,NA,NA,NA,NA,NA,NA,NA,NA,NA,NA,NA,NA,NA,NA,NA,NA,NA,NA,NA,NA,NA,NA,NA,NA,NA,NA,NA,NA,NA,NA,NA,0.749331752,0.485314197,0.45505618,0.804202501,0.344502618,0.51409396
"101","OP7","OP7A","South","OP","A","Control",3,3,12,11,12,7.3,7,7.2,96,127,93,NA,NA,NA,74,61,61,0,0,0,1,3,0,2.153769992,2.200597939,0.204642756,0.016229226,2.491419778,1.386649912,7,311,287,598,1,9.791,42.783,9.871,41.88,0.26428735,0.509770318,0.495424412,0.623688284,NA,0.269505495
"102","OP7","OP7B","South","OP","B","Heat",NA,NA,NA,NA,NA,NA,NA,NA,NA,NA,NA,NA,NA,NA,NA,NA,NA,NA,NA,NA,NA,NA,NA,NA,NA,NA,NA,NA,NA,NA,NA,NA,NA,NA,9.231,44.735,9.695,41.061,0.39654001,0.648833395,0.477951008,0.777185637,NA,0.493710692
"103","OP7","OP7C","South","OP","C","Control",NA,NA,12,11.3,11.2,7.4,7.5,7.6,105,108,104,NA,NA,NA,NA,NA,NA,NA,NA,NA,NA,NA,NA,2.156115272,2.182686317,0.194306714,0.017107752,2.628603408,1.616312372,7,548,406,954,1,8.88,46.864,9.79,41.453,0.719749223,0.455627611,0.428755474,0.744144721,NA,NA
"104","OP7","OP7D","South","OP","D","Heat",NA,NA,10.4,10.8,NA,6.9,6.9,NA,101,104,NA,NA,NA,NA,NA,NA,NA,NA,NA,NA,NA,NA,NA,2.066736419,2.103840762,0.227546051,0.022641678,2.607418171,1.568935038,7,74,132,206,2,NA,NA,NA,NA,0.881502835,0.421404127,0.459641256,0.708812261,0.962903226,0.633628319
"105","OP8","OP8A","South","OP","A","Heat",NA,NA,NA,NA,NA,NA,NA,NA,NA,NA,NA,NA,NA,NA,NA,NA,NA,NA,NA,NA,NA,NA,NA,NA,NA,NA,NA,NA,NA,NA,NA,NA,NA,NA,9.214,43.431,9.886,40.41,0.945557751,0.543389799,0.777157659,0.699563554,NA,NA
"106","OP8","OP8B","South","OP","B","Control",3,3,12.4,11.1,11.2,7.2,7.7,7.1,117,109,96,NA,NA,NA,90,59,86,0,0,0,1,11,1,2.240772654,2.28779757,0.22776166,0.019899629,2.555833778,1.52029897,8,125,172,297,1,NA,NA,NA,NA,0.403811114,0.489147627,0.325026873,0.58309198,0.542016807,0.448717949
"107","OP8","OP8C","South","OP","C","Heat",NA,NA,10.9,11,10.5,7,6.9,7,127,110,121,NA,NA,NA,NA,NA,NA,NA,NA,NA,NA,NA,NA,2.079866658,2.174175636,0.262967729,0.024415941,2.474772909,0.988248826,8,111,196,307,1,NA,NA,NA,NA,0.842215808,0.477916529,0.418896546,0.698354662,0.266489362,0.387931034
"108","OP8","OP8D","South","OP","D","Control",NA,NA,13.2,13.2,10,8,8,7.4,87,118,96,NA,NA,NA,NA,NA,NA,NA,NA,NA,NA,NA,NA,2.216016695,2.249823192,0.177475555,0.017747555,2.479209933,1.559470877,8,160,275,435,1,8.981,44.068,9.972,41.131,0.608066936,0.392081938,0.359869034,0.704229708,0.699421965,0.283035714
"109","OP9","OP9A","South","OP","A","Control",3,3,13.9,13.6,13.3,7.9,7.8,8.2,112,66,106,NA,NA,NA,94,64,67,0,0,0,7,6,3,2.198246419,2.243242186,0.216595785,0.017744218,2.623553709,1.487917963,NA,NA,NA,NA,NA,8.792,48.37,9.583,41.59,0.413963525,0.520332092,0.5967905,0.565587716,NA,0.587912088
"110","OP9","OP9B","South","OP","B","Heat",NA,NA,NA,NA,NA,NA,NA,NA,NA,NA,NA,NA,NA,NA,NA,NA,NA,NA,NA,NA,NA,NA,NA,NA,NA,NA,NA,NA,NA,NA,NA,NA,NA,NA,NA,NA,NA,NA,0.413239556,0.549722921,0.452432549,0.677825068,0.436150235,0.608695652
"111","OP9","OP9C","South","OP","C","Control",NA,NA,13.9,13.7,13.3,8,8,8,106,102,80,NA,NA,NA,NA,NA,NA,NA,NA,NA,NA,NA,NA,2.22232657,2.2709976,0.192373647,0.017070401,2.494554666,1.577694898,9,245,379,624,1,9.115,46.351,10.281,42.164,0.553197975,0.447999328,0.459799609,0.503880929,0.834394904,0.609090909
"112","OP9","OP9D","South","OP","D","Heat",NA,NA,11.9,10.8,9.5,7.5,7.2,6.9,140,141,98,NA,NA,NA,NA,NA,NA,NA,NA,NA,NA,NA,NA,2.028666317,2.072779878,0.241707781,0.021199175,2.457893292,1.570784383,NA,NA,NA,NA,NA,9.831,43.175,9.897,40.917,0.672616441,0.452529011,0.41882773,0.691855191,NA,0.35619469
"113","PI1","PI1A","North","PI","A","Control",3,3,12.7,13.1,11.2,8.2,8.4,7,112,131,51,NA,NA,NA,102,112,101,0,1,0,9,3,1,2.076154061,2.183097071,0.288881395,0.024328202,2.51959261,1.339730647,1,131,273,404,1,8.736,54.849,9.653,41.803,0.948378406,0.570151137,0.07,0.920007419,NA,0.956953642
"114","PI1","PI1B","North","PI","B","Heat",NA,NA,11,10.4,9.4,7.5,7.5,7.4,113,127,109,NA,NA,NA,NA,NA,NA,NA,NA,NA,NA,NA,NA,2.105849828,2.160586459,0.272846354,0.025224654,2.615127839,1.44775122,1,28,133,161,2,NA,NA,NA,NA,0.885332195,0.48191699,0.52890806,0.732622908,NA,NA
"115","PI1","PI1C","North","PI","C","Control",NA,NA,12.5,12,12.1,8.1,8,8.2,93,111,114,NA,NA,NA,NA,NA,NA,NA,NA,NA,NA,NA,NA,2.291786981,2.322976696,0.19065888,0.01762642,2.713854851,1.620081901,1,112,271,383,1,8.853,61.88,9.656,41.965,0.67381278,0.556896119,0.41969423,0.829334953,0.740365112,0.291203704
"116","PI1","PI1D","North","PI","D","Heat",NA,NA,NA,NA,NA,NA,NA,NA,NA,NA,NA,NA,NA,NA,NA,NA,NA,NA,NA,NA,NA,NA,NA,NA,NA,NA,NA,NA,NA,1,30,79,109,3,NA,NA,NA,NA,0.518656875,0.462427766,0.293484672,0.663060834,NA,0.377934272
"117","PI10","PI10A","North","PI","A","Control",NA,NA,NA,NA,NA,NA,NA,NA,NA,NA,NA,NA,NA,NA,NA,NA,NA,NA,NA,NA,NA,NA,NA,NA,NA,NA,NA,NA,NA,NA,NA,NA,NA,NA,NA,NA,NA,NA,0.900973146,0.601237604,0.330360115,0.790197725,0.488372093,0.980694981
"118","PI10","PI10B","North","PI","B","Heat",3,1,8.6,10.3,10.7,6.3,6.9,7,93,108,100,NA,NA,NA,2,NA,NA,0,NA,NA,61,NA,NA,1.80072137,1.785615886,0.196614518,0.019373004,2.367419379,1.18936892,10,57,119,176,2,9.086,49.883,9.544,41.876,0.689191065,0.460627141,0.398629072,0.676579163,0.358673469,0.382899628
"119","PI10","PI10C","North","PI","C","Control",NA,NA,12.3,12.8,11.1,7.9,8,7.6,127,105,108,NA,NA,NA,NA,NA,NA,NA,NA,NA,NA,NA,NA,2.044019499,2.154848808,0.329844041,0.028709239,2.553642817,0.070163785,NA,NA,NA,NA,NA,NA,NA,NA,NA,0.795283799,0.481758245,0.42042639,0.715025907,0.803191489,0.846390169
"120","PI10","PI10D","North","PI","D","Heat",NA,NA,NA,NA,NA,NA,NA,NA,NA,NA,NA,NA,NA,NA,NA,NA,NA,NA,NA,NA,NA,NA,NA,NA,NA,NA,NA,NA,NA,NA,NA,NA,NA,NA,NA,NA,NA,NA,0.796611263,0.431288492,0.475303587,0.932509242,0.699876999,0.297652582
"121","PI11","PI11A","North","PI","A","Control",3,2,12.8,13.8,13.3,8.8,8.6,8.6,94,64,70,NA,NA,NA,17,12,NA,0,0,NA,70,61,NA,2.061123384,2.068379311,0.328755386,0.033041159,2.665893367,1.471651459,11,189,384,573,1,NA,NA,NA,NA,0.400431732,0.529959145,0.576446216,0.688126828,NA,0.465703971
"122","PI11","PI11B","North","PI","B","Heat",NA,NA,NA,NA,NA,NA,NA,NA,NA,NA,NA,NA,NA,NA,NA,NA,NA,NA,NA,NA,NA,NA,NA,NA,NA,NA,NA,NA,NA,11,53,53,106,2,NA,NA,NA,NA,NA,NA,NA,NA,NA,NA
"123","PI11","PI11C","North","PI","C","Control",NA,NA,11.6,NA,NA,7.9,NA,NA,95,NA,NA,NA,NA,NA,NA,NA,NA,NA,NA,NA,NA,NA,NA,2.187280694,2.259557008,0.287765259,0.028776526,2.60840546,1.52358192,NA,NA,NA,NA,NA,9.231,53.319,9.974,41.789,0.771920819,0.472264695,0.465708296,0.677364865,NA,NA
"124","PI11","PI11D","North","PI","D","Heat",NA,NA,10.1,9.6,9.9,7,6.5,6.5,104,94,116,0.759,0.39,0.95,18,56,32,2,3,6,26,20,16,1.94284616,1.941795483,0.20358769,0.019681565,2.436740281,1.348854121,NA,NA,NA,NA,NA,NA,NA,NA,NA,0.758047979,0.332372178,0.372055367,0.794743816,NA,NA
"125","PI12","PI12A","North","PI","A","Heat",3,0,10.7,10,10.9,7.1,7,7,96,105,70,NA,NA,NA,NA,NA,NA,NA,NA,NA,NA,NA,NA,1.962542932,1.938444002,0.231269455,0.018636224,2.609383665,1.413399871,12,38,73,111,1,NA,NA,NA,NA,0.928951009,0.505229257,0.569207306,0.696360177,0.233014354,0.392749245
"126","PI12","PI12B","North","PI","B","Control",3,2,11.9,12,12.2,7.3,7.2,7,114,100,104,NA,NA,NA,9,12,NA,0,0,NA,36,47,NA,2.066549124,2.081979844,0.244300119,0.020573781,2.499228703,1.501564315,12,130,449,579,1,6.191,50.109,9.738,41.633,0.770363468,0.515146122,0.430892266,0.725639162,NA,NA
"127","PI12","PI12C","North","PI","C","Heat",NA,NA,10,10.6,10.5,6.4,7.1,7,110,91,123,0.922,0.989,1.31,24,24,35,3,2,8,45,55,25,1.946527366,1.9700757,0.220959127,0.018413261,2.427263655,1.309570053,NA,NA,NA,NA,NA,NA,NA,NA,NA,0.811759152,0.473569069,0.409255447,0.907238068,0.893662728,0.891273247
"128","PI12","PI12D","North","PI","D","Control",NA,NA,12.3,12.7,12.9,8,7.9,8.1,115,119,113,NA,NA,NA,NA,NA,NA,NA,NA,NA,NA,NA,NA,2.273707684,2.350012318,0.296998374,0.029552443,2.766838111,1.597934194,NA,NA,NA,NA,NA,7.845,56.199,10.227,42.258,0.749571768,0.539066212,0.785493387,0.719753041,0.81122449,0.361090909
"129","PI13","PI13A","North","PI","A","Heat",NA,NA,NA,NA,NA,NA,NA,NA,NA,NA,NA,NA,NA,NA,NA,NA,NA,NA,NA,NA,NA,NA,NA,NA,NA,NA,NA,NA,NA,NA,NA,NA,NA,NA,9.643,50.308,9.996,41.183,0.565897936,0.580933553,0.754707605,0.629712859,NA,0.376209677
"130","PI13","PI13B","North","PI","B","Control",3,3,12.1,11.6,11.9,7.5,7.6,7.8,86,84,57,NA,NA,NA,37,49,37,0,0,0,39,23,24,2.135180928,2.208779651,0.265824199,0.025819129,2.711655136,1.400602224,13,74,305,379,1,NA,NA,NA,NA,0.372889027,0.442210973,0.47993311,0.59776323,0.392592593,0.232698413
"131","PI13","PI13C","North","PI","C","Heat",NA,NA,9.2,9,9.3,7.1,6.7,7.1,78,88,90,1.176,1.053,1.222,33,31,37,5,3,3,17,14,15,1.817841359,1.794782886,0.203604195,0.018904175,2.720793258,1.376408878,NA,NA,NA,NA,NA,NA,NA,NA,NA,0.789474853,0.560451791,0.358702532,0.714581156,0.319101124,0.259539474
"132","PI13","PI13D","North","PI","D","Control",NA,NA,12,12.2,12.8,7.6,7.8,7.9,104,124,105,NA,NA,NA,NA,NA,NA,NA,NA,NA,NA,NA,NA,2.084882946,2.216988848,0.343029491,0.025856821,2.645853147,1.293282142,NA,NA,NA,NA,NA,NA,NA,NA,NA,0.938579015,0.393647032,0.542644868,0.653416204,NA,0.346745562
"133","PI14","PI14A","North","PI","A","Heat",3,2,10.3,12.1,10.9,6.9,6.2,6,41,89,116,NA,NA,NA,4,9,NA,2,6,NA,41,43,NA,1.734900354,1.741728123,0.167487542,0.013909083,2.116031757,1.335997501,14,43,85,128,1,9.614,53.422,9.915,41.993,0.973552007,0.53722326,0.514098164,0.790425134,0.641791045,0.827160494
"134","PI14","PI14B","North","PI","B","Control",3,3,11,11,11.3,8.1,7.4,7,82,79,68,NA,NA,NA,35,46,41,1,0,0,21,13,22,2.113549238,2.217634954,0.27176134,0.025232407,2.558132864,1.533518964,14,188,642,830,1,9.332,47.59,9.792,41.194,0.470390014,0.467068074,0.32353777,0.704441768,0.483870968,0.967391304
"135","PI14","PI14C","North","PI","C","Heat",NA,NA,10,10.2,9,7.4,7.7,6.3,87,109,108,NA,NA,NA,NA,NA,NA,NA,NA,NA,NA,NA,NA,2.061390145,2.081415414,0.224133823,0.018179654,2.451305232,1.391812068,NA,NA,NA,NA,NA,NA,NA,NA,NA,0.783317884,0.478782836,0.364144048,0.71332008,0.712707182,0.715748031
"136","PI14","PI14D","North","PI","D","Control",NA,NA,11.9,12.5,13,8.2,8.6,8.6,104,77,102,NA,NA,NA,NA,NA,NA,NA,NA,NA,NA,NA,NA,2.108194903,2.202004107,0.281575167,0.02697001,2.524822995,1.479988976,NA,NA,NA,NA,NA,NA,NA,NA,NA,0.743499403,0.487910673,0.365709765,0.811130504,0.915841584,0.350531915
"137","PI15","PI15A","North","PI","A","Heat",3,3,9.2,8.8,8.5,6.2,7,6.7,62,77,76,NA,NA,NA,NA,NA,NA,NA,NA,NA,NA,NA,NA,1.834921721,1.838459277,0.168711773,0.013729569,2.460969266,1.188484065,15,194,483,677,1,9.35,50.618,9.519,40.779,0.823061264,0.537206948,0.22036983,0.8709647,0.553571429,0.516304348
"138","PI15","PI15B","North","PI","B","Control",NA,NA,NA,NA,NA,NA,NA,NA,NA,NA,NA,NA,NA,NA,NA,NA,NA,NA,NA,NA,NA,NA,NA,NA,NA,NA,NA,NA,NA,NA,NA,NA,NA,NA,NA,NA,NA,NA,0.594220665,0.480436417,0.598000422,0.766836372,NA,NA
"139","PI15","PI15C","North","PI","C","Heat",NA,NA,9.8,9.7,9.6,6,6,6,84,65,80,0.87,0.811,1.124,30,24,40,1,5,3,33,32,28,1.912744509,1.881585337,0.23049606,0.018695699,2.910584484,1.205464806,NA,NA,NA,NA,NA,8.037,51.98,10.132,41.471,0.594137136,0.549834212,0.318986623,0.73266745,0.747311828,0.31661442
"140","PI15","PI15D","North","PI","D","Control",NA,NA,NA,12.1,12.5,7.1,8,8,101,81,68,NA,NA,NA,NA,NA,NA,NA,NA,NA,NA,NA,NA,2.063684261,2.145661052,0.300864618,0.025337372,2.506685404,1.332627209,NA,NA,NA,NA,NA,9.323,48.772,9.684,41.808,0.819337232,0.421429612,0.543379569,0.573918112,1,0.50965251
"141","PI18","PI18A","North","PI","A","Control",3,3,11.9,11.9,12.1,7.6,8.1,8.2,91,106,90,NA,NA,NA,60,43,43,1,0,1,14,27,31,1.967585901,1.987619863,0.253452184,0.020694284,2.46683093,1.362268153,18,243,648,891,1,9.232,50.145,9.34,40.724,0.538392209,0.520552575,0.625787592,0.808472867,NA,0.26352459
"142","PI18","PI18B","North","PI","B","Heat",3,0,10.4,9.1,9.3,6.9,6.1,6.6,NA,78,93,NA,NA,NA,NA,NA,NA,NA,NA,NA,NA,NA,NA,1.936983286,1.934048105,0.218828616,0.019119145,2.493551931,1.340243892,18,36,106,142,2,NA,NA,NA,NA,NA,NA,NA,NA,NA,NA
"143","PI18","PI18C","North","PI","C","Control",NA,NA,12.9,12.5,12.5,8.9,8.7,8.8,129,108,107,NA,NA,NA,NA,NA,NA,NA,NA,NA,NA,NA,NA,2.126795126,2.222015543,0.276940605,0.022687858,2.537350794,1.469142755,NA,NA,NA,NA,NA,NA,NA,NA,NA,0.915385556,0.526356461,0.398357941,0.750189885,0.543478261,0.554054054
"144","PI18","PI18D","North","PI","D","Heat",NA,NA,9.6,9.4,9.4,6.8,6.9,7,102,93,100,NA,NA,NA,NA,NA,NA,NA,NA,NA,NA,NA,NA,1.9539381,1.889253813,0.262531707,0.025620471,2.596190496,1.274901976,NA,NA,NA,NA,NA,NA,NA,NA,NA,0.946146927,0.373603704,0.501639344,0.796621974,0.773076923,0.659898477
"145","PI19","PI19A","North","PI","A","Heat",3,3,10.5,10.1,9.9,7.3,7,6.9,84,71,61,NA,NA,NA,25,38,28,2,5,0,33,16,29,2.060187803,2.062292638,0.263328763,0.025576751,2.553141494,1.502303205,NA,NA,NA,NA,NA,NA,NA,NA,NA,NA,0.637658976,NA,0.7972167,NA,0.343010753
"146","PI19","PI19B","North","PI","B","Control",NA,NA,12.2,11.9,12.9,8.1,7.5,7.2,111,101,94,NA,NA,NA,NA,NA,NA,NA,NA,NA,NA,NA,NA,2.084463708,2.082998857,0.233253471,0.020225641,2.491545249,1.436609671,19,132,316,448,1,NA,NA,NA,NA,0.568813191,0.517431619,0.43071161,0.725497288,0.810126582,0.066415094
"147","PI19","PI19C","North","PI","C","Heat",NA,NA,NA,NA,NA,NA,NA,NA,NA,NA,NA,NA,NA,NA,NA,NA,NA,NA,NA,NA,NA,NA,NA,NA,NA,NA,NA,NA,NA,NA,NA,NA,NA,NA,NA,NA,NA,NA,NA,0.446375879,0.987116664,0.793098184,NA,NA
"148","PI19","PI19D","North","PI","D","Control",NA,NA,12.7,12.8,12.5,8,7.8,7.8,124,98,103,NA,NA,NA,NA,NA,NA,NA,NA,NA,NA,NA,NA,2.051099445,2.148668715,0.287383122,0.023386907,2.634485944,1.423505434,NA,NA,NA,NA,NA,NA,NA,NA,NA,0.803933988,0.35754301,0.399621212,0.780854854,0.618064516,0.276646707
"149","PI2","PI2A","North","PI","A","Control",3,3,11.7,11.2,11.8,7.2,7.2,7.2,81,71,77,NA,NA,NA,70,19,91,1,1,0,8,41,0,2.212410812,2.230020302,0.144255414,0.012750498,2.500062521,1.780234319,2,174,558,732,1,NA,NA,NA,NA,0.57898255,0.522096909,0.717027573,0.666310439,NA,0.411046512
"150","PI2","PI2B","North","PI","B","Heat",3,3,10,10.5,10.7,6.5,7,7,46,83,99,NA,NA,NA,72,77,82,2,3,1,13,0,4,1.922701463,1.90614708,0.243761244,0.020750335,2.521601766,1.407593145,2,119,178,297,3,9.138,51.699,10.036,41.602,0.666112151,0.517692617,0.460094254,0.746441131,NA,NA
"151","PI2","PI2C","North","PI","C","Control",NA,NA,12.3,12.3,12,6,8.6,8.5,112,88,93,NA,NA,NA,NA,NA,NA,NA,NA,NA,NA,NA,NA,2.344840666,2.339270472,0.131660123,0.012669001,2.68876352,1.854734392,2,32,194,226,1,NA,NA,NA,NA,0.899687851,0.508896418,0.629617457,0.780404467,0.483050847,0.471875
"152","PI2","PI2D","North","PI","D","Heat",NA,NA,9.8,10,9.9,7,7.3,7.2,83,97,83,1.784,1.585,1.593,79,73,74,6,1,2,0,0,4,2.148087249,2.20827,0.240585932,0.020783459,3.233229473,1.561985388,NA,NA,NA,NA,NA,NA,NA,NA,NA,0.900375327,0.431965014,0.568599518,0.879331222,0.411764706,0.461904762
"153","PI21","PI21A","North","PI","A","Heat",3,0,11.5,12.3,12,6.1,6.7,7,107,88,100,NA,NA,NA,NA,NA,NA,NA,NA,NA,NA,NA,NA,1.881318061,1.88513761,0.207388588,0.020738859,2.365308353,1.320695075,21,93,239,332,1,NA,NA,NA,NA,0.87741905,0.497722128,0.461121157,0.817292043,0.596491228,0.237345679
"154","PI21","PI21B","North","PI","B","Control",3,2,13,12.2,12.4,7.4,7.3,8,97,109,108,NA,NA,NA,36,16,NA,1,0,NA,19,58,NA,2.103842125,2.155924895,0.20721885,0.018174295,2.536114382,1.637612897,21,353,661,1014,1,9.185,50.089,9.995,41.431,0.82808012,0.51371697,0.655946593,0.675888223,NA,NA
"155","PI21","PI21C","North","PI","C","Heat",NA,NA,9.5,9,10.2,7.1,7,7,103,107,82,NA,NA,NA,NA,NA,NA,NA,NA,NA,NA,NA,NA,2.114948132,2.157751262,0.282763041,0.026141452,2.62530557,1.292313841,NA,NA,NA,NA,NA,9.65,43.55,10.332,42.009,0.792421108,0.517266187,0.649623713,0.672575648,0.978835979,0.514084507
"156","PI21","PI21D","North","PI","D","Control",NA,NA,12.1,12.2,12,8.4,8,8.9,116,81,110,NA,NA,NA,NA,NA,NA,NA,NA,NA,NA,NA,NA,2.141155356,2.175836883,0.27083151,0.020957571,2.802775273,1.398874047,NA,NA,NA,NA,NA,NA,NA,NA,NA,0.865049,0.397498005,0.447140154,0.790062654,0.660130719,0.282971014
"157","PI25","PI25A","North","PI","A","Heat",3,0,12,11.9,10.5,7,6.8,6.8,86,81,130,NA,NA,NA,NA,NA,NA,NA,NA,NA,NA,NA,NA,2.119883781,2.16454726,0.232821347,0.021524341,2.527817527,1.645166344,25,77,187,264,1,NA,NA,NA,NA,0.959206273,0.452834133,0.552627177,0.837606838,NA,0.559566787
"158","PI25","PI25B","North","PI","B","Control",NA,NA,10,11.9,11.3,6.6,6.9,7,69,89,85,NA,NA,NA,NA,NA,NA,NA,NA,NA,NA,NA,NA,2.085338375,2.176184878,0.26254049,0.026386312,2.601464716,1.515273447,25,145,464,609,1,NA,NA,NA,NA,0.873406689,0.466450848,0.547582852,0.728242289,NA,NA
"159","PI25","PI25C","North","PI","C","Heat",NA,NA,9.8,8.8,7.8,6.7,7.2,6.5,115,89,82,NA,NA,NA,NA,NA,NA,NA,NA,NA,NA,NA,NA,1.951723245,1.915431959,0.238746197,0.019895516,2.505736281,1.42507008,NA,NA,NA,NA,NA,NA,NA,NA,NA,0.512574467,0.567042993,0.293329228,0.747773254,0.202803738,0.2375
"160","PI25","PI25D","North","PI","D","Control",NA,NA,NA,NA,NA,NA,NA,NA,NA,NA,NA,NA,NA,NA,NA,NA,NA,NA,NA,NA,NA,NA,NA,NA,NA,NA,NA,NA,NA,NA,NA,NA,NA,NA,NA,NA,NA,NA,0.85626991,0.450066127,0.319764455,0.783838331,0.271578947,0.669527897
"161","PI27","PI27A","North","PI","A","Control",3,3,12.1,13.8,13.1,7.6,8,8,68,84,71,NA,NA,NA,80,40,49,0,1,0,11,41,17,1.957671678,1.946506612,0.264475427,0.023846946,2.451168676,1.372920143,27,51,187,238,1,NA,NA,NA,NA,0.950471615,0.500575061,0.821173469,0.83902746,NA,NA
"162","PI27","PI27B","North","PI","B","Heat",NA,NA,NA,NA,NA,NA,NA,NA,NA,NA,NA,NA,NA,NA,NA,NA,NA,NA,NA,NA,NA,NA,NA,NA,NA,NA,NA,NA,NA,27,41,112,153,1,NA,NA,NA,NA,0.42403558,0.464316693,0.339991979,0.614284777,NA,NA
"163","PI27","PI27C","North","PI","C","Control",NA,NA,12,11.6,10.4,7.5,8,7,86,81,81,NA,NA,NA,NA,NA,NA,NA,NA,NA,NA,NA,NA,2.260276587,2.251911694,0.176056429,0.015622482,2.641273293,1.665241545,NA,NA,NA,NA,NA,NA,NA,NA,NA,0.847169836,0.510329083,0.339164113,0.72392245,0.760330579,0.225848564
"164","PI27","PI27D","North","PI","D","Heat",NA,NA,NA,NA,NA,NA,NA,NA,NA,NA,NA,NA,NA,NA,NA,NA,NA,NA,NA,NA,NA,NA,NA,NA,NA,NA,NA,NA,NA,NA,NA,NA,NA,NA,NA,NA,NA,NA,0.663398691,0.606917015,0.498631657,0.797439607,0.996389892,0.824104235
"165","PI28","PI28A","North","PI","A","Control",3,3,10.5,11,11.1,7,7.4,7.1,94,101,88,NA,NA,NA,68,84,88,0,0,0,5,2,2,2.258280117,2.261908069,0.12067695,0.011352333,2.548435419,1.695768696,28,104,298,402,1,8.726,50.167,10.244,42.022,0.958188427,0.619204901,0.427545133,0.768820126,0.585889571,0.883544304
"166","PI28","PI28B","North","PI","B","Heat",3,3,7.8,10.6,10.1,6.1,6.6,6.6,75,63,86,NA,NA,NA,66,62,59,1,0,0,0,0,4,1.516421134,1.53384345,0.252286675,0.022935152,2.04541299,0.506300029,28,34,89,123,1,NA,NA,NA,NA,0.441052312,0.539469929,0.836097406,0.778581596,0.4375,0.685840708
"167","PI28","PI28C","North","PI","C","Control",NA,NA,11.1,11.4,10.1,7.2,7.8,7.8,106,86,90,NA,NA,NA,NA,NA,NA,NA,NA,NA,NA,NA,NA,2.306575702,2.317130127,0.124397511,0.012082554,2.607910967,2.020364614,NA,NA,NA,NA,NA,9.131,46.5,9.404,40.733,0.911329482,0.438868419,0.375771089,0.624647295,NA,0.231292517
"168","PI28","PI28D","North","PI","D","Heat",NA,NA,9.5,10,10,7,7.2,6.9,87,71,79,NA,NA,NA,NA,NA,NA,NA,NA,NA,NA,NA,NA,2.074565475,2.052109128,0.236473457,0.023529988,2.557771772,1.570214359,NA,NA,NA,NA,NA,9.802,47.52,9.94,42.146,0.871619641,0.466107109,0.471737914,0.844848524,0.721212121,0.331451613
"169","PI3","PI3A","North","PI","A","Control",3,2,12.7,12.6,12.4,7.6,7.9,8.5,94,69,77,NA,NA,NA,27,26,NA,0,0,NA,19,42,NA,2.183411642,2.200228734,0.129825448,0.012106285,2.510867691,1.82846798,3,142,458,600,1,NA,NA,NA,NA,0.326460743,0.538187121,0.64614052,0.816239675,0.552,0.352941176
"170","PI3","PI3B","North","PI","B","Heat",3,3,10.1,10.3,10.6,6.9,6.8,6.5,93,79,100,NA,NA,NA,6,17,22,0,1,4,41,45,46,1.899883095,1.872741327,0.284969574,0.023345617,2.45445687,0.968157046,3,48,80,128,2,NA,NA,NA,NA,0.626073196,0.485246384,0.680231788,0.730099248,0.295338983,0.040670391
"171","PI3","PI3C","North","PI","C","Control",NA,NA,12,12,12,8,8.1,8,132,110,100,NA,NA,NA,NA,NA,NA,NA,NA,NA,NA,NA,NA,2.367133274,2.37043596,0.113498027,0.011076273,2.646994012,2.000965262,3,133,205,338,1,8.936,49.063,9.921,40.99,0.676485227,0.423360272,0.376923077,0.769894744,0.436792453,0.394117647
"172","PI3","PI3D","North","PI","D","Heat",NA,NA,10.5,10,9,7.6,7.7,7.4,98,99,87,NA,NA,NA,NA,NA,NA,NA,NA,NA,NA,NA,NA,1.773594653,1.7598671,0.182149342,0.015285633,2.544615954,1.31934435,3,61,143,204,2,7.298,54.819,9.987,41.94,0.567679656,0.386878384,0.336276567,0.321900482,0.66,0.040670391
"173","PI30","PI30A","North","PI","A","Control",3,3,13,12.9,13,7.5,7.5,7.8,86,79,109,NA,NA,NA,55,21,44,1,0,1,20,54,30,2.2183454,2.226962231,0.136578928,0.01226515,2.535581164,1.817904705,30,404,837,1241,1,NA,NA,NA,NA,0.982889169,0.441394808,0.602522021,0.851964835,NA,0.578680203
"174","PI30","PI30B","North","PI","B","Heat",3,2,11.1,10.9,11.3,6.6,6.8,7,101,101,74,NA,NA,NA,NA,NA,NA,NA,NA,NA,NA,NA,NA,1.794134034,1.81105015,0.200202148,0.019920858,2.306376081,1.040185128,30,41,76,117,3,9.037,51.815,10.149,41.953,0.906814171,0.50168032,0.387634115,0.617460317,0.301363636,0.261607143
"175","PI30","PI30C","North","PI","C","Control",NA,NA,12.6,11.4,11.3,8.1,6.8,7,92,73,73,NA,NA,NA,NA,NA,NA,NA,NA,NA,NA,NA,NA,2.31760287,2.331614311,0.122478139,0.01038846,2.555227996,1.750739625,NA,NA,NA,NA,NA,NA,NA,NA,NA,0.859739439,0.478894821,0.78044522,0.675950006,NA,NA
"176","PI30","PI30D","North","PI","D","Heat",NA,NA,10,9.1,9.6,7.1,7,7.3,96,94,104,1.584,1.46,1.466,89,78,77,5,3,3,8,6,0,2.085869286,2.120008859,0.231619247,0.019168945,2.549797031,1.514332028,NA,NA,NA,NA,NA,NA,NA,NA,NA,0.861505569,0.428073012,0.555539613,0.703274244,NA,0.379603399
"177","PI4","PI4A","North","PI","A","Control",NA,NA,10.3,9.6,10.8,6.8,8.1,6.9,80,60,72,NA,NA,NA,NA,NA,NA,NA,NA,NA,NA,NA,NA,2.072924673,2.124636423,0.256796221,0.02042961,2.66490818,1.461847444,4,210,242,452,1,8.985,58.695,10.355,42.301,0.918450088,0.582014584,0.265536621,0.748638861,NA,0.698895028
"178","PI4","PI4B","North","PI","B","Heat",3,2,10.9,10.5,10.9,6.7,6.9,6.6,57,116,79,NA,NA,NA,7,18,NA,0,4,NA,88,42,NA,1.958122566,1.929601745,0.252035463,0.022912315,2.546668399,1.441302214,4,65,123,188,1,NA,NA,NA,NA,0.764314126,0.522053953,0.302882999,0.458204237,NA,NA
"179","PI4","PI4C","North","PI","C","Control",NA,NA,12,11.8,11.5,7.8,8,8,85,89,73,NA,NA,NA,NA,NA,NA,NA,NA,NA,NA,NA,NA,2.038066441,2.097405248,0.306930143,0.023680175,2.641090165,1.285781137,4,171,376,547,1,NA,NA,NA,NA,0.804060167,0.4551398,0.296816768,0.785201149,0.205357143,0.890756303
"180","PI4","PI4D","North","PI","D","Heat",NA,NA,9.8,8.1,9,7,7,6.9,88,99,71,1.003,1.032,1.011,37,35,31,1,0,2,29,22,37,1.910890405,1.896912257,0.21861704,0.021753208,2.512369869,1.211906098,4,32,68,100,2,8.198,47.083,9.823,41.148,0.842008113,0.453328251,0.38617332,0.77184238,0.571428571,0.137694704
"181","PI5","PI5A","North","PI","A","Heat",3,3,10.8,11.4,10.3,7.8,7.1,7.3,95,77,96,NA,NA,NA,39,10,11,0,0,0,34,49,50,2.226195156,2.233521857,0.202960916,0.018926203,2.690475521,1.610406065,5,66,86,152,2,NA,NA,NA,NA,0.769213716,0.630463512,0.513016994,0.745148377,NA,0.236330935
"182","PI5","PI5B","North","PI","B","Control",3,1,10.8,10.6,10.7,7.1,6.9,7,55,89,77,NA,NA,NA,40,NA,NA,1,NA,NA,18,NA,NA,2.023924493,2.035331644,0.200440204,0.019111224,2.519791117,1.61250118,5,126,347,473,1,NA,NA,NA,NA,0.406014509,0.473817011,0.345607553,0.698255366,0.624338624,0.397923875
"183","PI5","PI5C","North","PI","C","Heat",NA,NA,11.6,9.4,10,6.9,7.1,7.1,98,121,104,NA,NA,NA,NA,NA,NA,NA,NA,NA,NA,NA,NA,2.143366377,2.183500769,0.250617903,0.022506152,2.695663418,1.501689361,5,41,96,137,1,NA,NA,NA,NA,0.803958428,0.483023833,0.31498834,0.764993536,0.894321767,0.448863636
"184","PI5","PI5D","North","PI","D","Control",NA,NA,11.7,12.2,11,8.2,8,7.9,99,80,106,1.376,1.527,1.424,44,52,46,3,2,5,23,11,23,2.164839679,2.274292444,0.298430228,0.028716462,2.571240393,1.594000761,5,140,264,404,1,NA,NA,NA,NA,0.676686687,0.444751131,0.449020165,0.747867235,0.692230071,0.66
"185","PI9","PI9A","North","PI","A","Control",3,3,11.7,11,11.9,7,7.7,7.5,70,91,65,NA,NA,NA,58,47,60,1,0,0,17,17,6,2.088086427,2.135935808,0.246390785,0.01846777,2.706138968,1.29492737,9,146,244,390,1,NA,NA,NA,NA,0.902590176,0.625896524,0.228470437,0.888818136,NA,NA
"186","PI9","PI9B","North","PI","B","Heat",3,0,11.1,11,10.7,7,6.7,6.8,98,132,78,NA,NA,NA,NA,NA,NA,NA,NA,NA,NA,NA,NA,1.866313527,1.842603678,0.258689474,0.02304589,2.539641263,1.364286058,9,86,301,387,1,8.523,49.082,9.608,41.239,0.884895917,0.484399077,0.604926625,0.752936461,NA,NA
"187","PI9","PI9C","North","PI","C","Control",NA,NA,12.5,12.7,12.3,8.2,8.3,8,108,86,101,NA,NA,NA,NA,NA,NA,NA,NA,NA,NA,NA,NA,2.112910746,2.17785159,0.271468162,0.024088904,2.609768982,1.486039649,9,247,256,503,1,8.914,51.585,9.992,42.041,0.631314022,0.4592348,0.530380259,0.8260695,0.616891892,0.797297297
"188","PI9","PI9D","North","PI","D","Heat",NA,NA,10,10,10.1,7,6.4,6.6,119,92,81,1.217,1.549,1.412,46,57,48,2,6,7,20,9,7,1.928741142,1.913119012,0.221006355,0.018105546,2.449610169,1.434949858,9,47,105,152,1,NA,NA,NA,NA,0.634229528,0.458679423,0.840106007,0.833827261,NA,NA
"189","RE3","RE3A","South","RE","A","Heat",NA,NA,NA,NA,NA,NA,NA,NA,NA,NA,NA,NA,NA,NA,NA,NA,NA,NA,NA,NA,NA,NA,NA,NA,NA,NA,NA,NA,NA,NA,NA,NA,NA,NA,NA,NA,NA,NA,0.958796206,0.506514859,0.584509271,0.698520454,0.815384615,0.891213389
"190","RE3","RE3B","South","RE","B","Control",NA,NA,NA,NA,NA,NA,NA,NA,NA,NA,NA,NA,NA,NA,NA,NA,NA,NA,NA,NA,NA,NA,NA,NA,NA,NA,NA,NA,NA,NA,NA,NA,NA,NA,NA,NA,NA,NA,0.831487152,0.476983714,0.378004882,0.381451544,NA,NA
"191","RE3","RE3C","South","RE","C","Heat",NA,NA,NA,NA,NA,NA,NA,NA,NA,NA,NA,NA,NA,NA,NA,NA,NA,NA,NA,NA,NA,NA,NA,NA,NA,NA,NA,NA,NA,NA,NA,NA,NA,NA,NA,NA,NA,NA,0.86850207,0.45475747,0.490054969,0.665471561,NA,0.825471698
"192","RE3","RE3D","South","RE","D","Control",NA,NA,NA,NA,NA,NA,NA,NA,NA,NA,NA,NA,NA,NA,NA,NA,NA,NA,NA,NA,NA,NA,NA,NA,NA,NA,NA,NA,NA,NA,NA,NA,NA,NA,NA,NA,NA,NA,0.764110704,0.49020103,0.394794721,0.633867196,NA,NA
"193","RE5","RE5A","South","RE","A","Control",NA,NA,NA,NA,NA,NA,NA,NA,NA,NA,NA,NA,NA,NA,NA,NA,NA,NA,NA,NA,NA,NA,NA,NA,NA,NA,NA,NA,NA,NA,NA,NA,NA,NA,NA,NA,NA,NA,0.615576324,0.544723004,0.82309484,0.54368932,NA,0.734104046
"194","RE5","RE5B","South","RE","B","Heat",NA,NA,NA,NA,NA,NA,NA,NA,NA,NA,NA,NA,NA,NA,NA,NA,NA,NA,NA,NA,NA,NA,NA,NA,NA,NA,NA,NA,NA,NA,NA,NA,NA,NA,NA,NA,NA,NA,0.609995773,0.542430905,0.41030508,0.585205993,NA,NA
"195","RE5","RE5C","South","RE","C","Control",NA,NA,NA,NA,NA,NA,NA,NA,NA,NA,NA,NA,NA,NA,NA,NA,NA,NA,NA,NA,NA,NA,NA,NA,NA,NA,NA,NA,NA,NA,NA,NA,NA,NA,NA,NA,NA,NA,0.754636503,0.495599082,0.469426582,0.595941082,NA,0.682808717
"196","RE5","RE5D","South","RE","D","Heat",NA,NA,NA,NA,NA,NA,NA,NA,NA,NA,NA,NA,NA,NA,NA,NA,NA,NA,NA,NA,NA,NA,NA,NA,NA,NA,NA,NA,NA,NA,NA,NA,NA,NA,NA,NA,NA,NA,0.689335355,0.426703329,0.472502441,0.623202514,0.385390428,0.466312057
"197","RE6","RE6A","South","RE","A","Heat",NA,NA,NA,NA,NA,NA,NA,NA,NA,NA,NA,NA,NA,NA,NA,NA,NA,NA,NA,NA,NA,NA,NA,NA,NA,NA,NA,NA,NA,NA,NA,NA,NA,NA,NA,NA,NA,NA,0.62572201,0.601103257,0.347572816,0.497545382,NA,NA
"198","RE6","RE6B","South","RE","B","Control",NA,NA,NA,NA,NA,NA,NA,NA,NA,NA,NA,NA,NA,NA,NA,NA,NA,NA,NA,NA,NA,NA,NA,NA,NA,NA,NA,NA,NA,NA,NA,NA,NA,NA,NA,NA,NA,NA,0.440843347,0.510278439,0.303627561,0.593277155,NA,NA
"199","RE6","RE6C","South","RE","C","Heat",NA,NA,NA,NA,NA,NA,NA,NA,NA,NA,NA,NA,NA,NA,NA,NA,NA,NA,NA,NA,NA,NA,NA,NA,NA,NA,NA,NA,NA,NA,NA,NA,NA,NA,NA,NA,NA,NA,0.76101939,0.489989902,0.36624424,0.645812053,NA,NA
"200","RE6","RE6D","South","RE","D","Control",NA,NA,NA,NA,NA,NA,NA,NA,NA,NA,NA,NA,NA,NA,NA,NA,NA,NA,NA,NA,NA,NA,NA,NA,NA,NA,NA,NA,NA,NA,NA,NA,NA,NA,NA,NA,NA,NA,NA,NA,NA,NA,NA,NA
"201","RE7","RE7A","South","RE","A","Heat",NA,NA,NA,NA,NA,NA,NA,NA,NA,NA,NA,NA,NA,NA,NA,NA,NA,NA,NA,NA,NA,NA,NA,NA,NA,NA,NA,NA,NA,NA,NA,NA,NA,NA,NA,NA,NA,NA,0.889403222,0.5853809,0.46310236,0.525499879,NA,NA
"202","RE7","RE7B","South","RE","B","Control",NA,NA,NA,NA,NA,NA,NA,NA,NA,NA,NA,NA,NA,NA,NA,NA,NA,NA,NA,NA,NA,NA,NA,NA,NA,NA,NA,NA,NA,NA,NA,NA,NA,NA,NA,NA,NA,NA,NA,NA,NA,NA,NA,NA
"203","RE7","RE7C","South","RE","C","Heat",NA,NA,NA,NA,NA,NA,NA,NA,NA,NA,NA,NA,NA,NA,NA,NA,NA,NA,NA,NA,NA,NA,NA,NA,NA,NA,NA,NA,NA,NA,NA,NA,NA,NA,NA,NA,NA,NA,0.855303211,0.519528651,0.335191914,0.664643366,NA,NA
"204","RE7","RE7D","South","RE","D","Control",NA,NA,NA,NA,NA,NA,NA,NA,NA,NA,NA,NA,NA,NA,NA,NA,NA,NA,NA,NA,NA,NA,NA,NA,NA,NA,NA,NA,NA,NA,NA,NA,NA,NA,NA,NA,NA,NA,0.75677037,0.5269084,0.476002192,0.266984336,0.65470852,0.973837209
"205","RE8","RE8A","South","RE","A","Heat",NA,NA,NA,NA,NA,NA,NA,NA,NA,NA,NA,NA,NA,NA,NA,NA,NA,NA,NA,NA,NA,NA,NA,NA,NA,NA,NA,NA,NA,NA,NA,NA,NA,NA,NA,NA,NA,NA,0.696922058,0.58226432,0.354809129,0.559369152,NA,NA
"206","RE8","RE8B","South","RE","B","Control",NA,NA,NA,NA,NA,NA,NA,NA,NA,NA,NA,NA,NA,NA,NA,NA,NA,NA,NA,NA,NA,NA,NA,NA,NA,NA,NA,NA,NA,NA,NA,NA,NA,NA,NA,NA,NA,NA,NA,NA,NA,NA,NA,NA
"207","RE8","RE8C","South","RE","C","Heat",NA,NA,NA,NA,NA,NA,NA,NA,NA,NA,NA,NA,NA,NA,NA,NA,NA,NA,NA,NA,NA,NA,NA,NA,NA,NA,NA,NA,NA,NA,NA,NA,NA,NA,NA,NA,NA,NA,0.723514188,0.494119874,0.407951589,0.463676062,NA,NA
"208","RE8","RE8D","South","RE","D","Control",NA,NA,NA,NA,NA,NA,NA,NA,NA,NA,NA,NA,NA,NA,NA,NA,NA,NA,NA,NA,NA,NA,NA,NA,NA,NA,NA,NA,NA,NA,NA,NA,NA,NA,NA,NA,NA,NA,0.858584495,0.443961377,0.357677903,0.544202748,NA,NA
